video_url,user_url,username,title,view_num,created_at,shortdesc,collected_at
/watch?v=I_6aMZwf9CU&pp=ygUMY2hpbmVzZSBmb29k,/@TasteShow,Taste Show,How to Make Perfect Chicken Manchurian Every Time,17Â mln. weergaven,4 jaar geleden,"Whether you want to know how to make Chinese dishes at home, or learn how to master cooking with a wok, we've got youÂ ...",48:42.8
/watch?v=mQufT9XjimY&pp=ygUMY2hpbmVzZSBmb29k,/@TasteShow,Taste Show,Chef's Favorite Kung Pao Chicken and Pepper Chicken l Authentic Chinese Food,"3,1Â mln. weergaven",4 jaar geleden,#kungpaochicken #chickenrecipe #chinesefood Kung Pao Chicken (å®«ä¿é¸¡ä¸) is a highly addictive stir-fried chicken with theÂ ...,48:42.8
/watch?v=1aB9F5dQB3E&pp=ygUMY2hpbmVzZSBmb29k,/@InTheKut,IN THE KUT,"HOLE IN THE WALL AUTHENTIC CHINESE FOOD// PORK CHOP CURRY, OYSTER OMELETTE, SHANGHAI BAO, CHICKEN",876 weergaven,8 uur geleden,"KANG KANG SHAU MAY 18017 Gale Ave City Of Industry, CA 91748 United States I got so many people recommending this spotÂ ...",48:42.8
/watch?v=0TdCC46WEjo&pp=ygUMY2hpbmVzZSBmb29k,/@Discoverize,Discoverize,20 Weirdest Foods In China,146K weergaven,12 dagen geleden,"For copyright matters, please contact: juliabaker0312@gmail.com Welcome to the Discoverize! Here, we dive into the mostÂ ...",48:42.8
/watch?v=yE0p0wclDqc&pp=ygUMY2hpbmVzZSBmb29k,/@WildernessFoodCooking,Wilderness Food,Giant Snake Soup - Delicious Big Python Boil For Food - Wilderness Food,11Â mln. weergaven,3 jaar geleden,Giant Snake Soup - Delicious Big Python Boil For Food - Wilderness Food Snake soup is a popular Cantonese delicacy andÂ ...,48:51.8
/watch?v=A91yUNwkQGc&pp=ygUMY2hpbmVzZSBmb29k,/@MarkWiens,Mark Wiens,Street Food in China - ULTIMATE 14-HOUR SICHUAN Chinese Food Tour in Chengdu! (Part 1),"3,3Â mln. weergaven",4 jaar geleden,"PART 1: Ultimate Chinese Street Food Tour of Chengdu, Sichuan, China! This is Part 1 of an epic 14 hour day of eating as muchÂ ...",48:51.8
/shorts/jtSEbLQGnMQ,/@ChinesewithJessie,Chinese with Jessie,The mysterious nature of food in Chinese culture,"7,3Â mln. weergaven",9 maanden geleden,shorts #skit #comedy #funny #asian #chineseculture.,48:51.8
/shorts/QhzX-PxC1Rw,/@KarissaEats,KarissaEats,Full day of Chinese takeout! #shorts #foodie #chinesefood #dumplings #eating #china,"1,9Â mln. weergaven",1 jaar geleden,Only eating american chinese food for a full day ever since i went to chinatown in new york i've been craving these amazing friedÂ ...,48:51.9
/watch?v=GbauWTD1OXk&pp=ygUMY2hpbmVzZSBmb29k,/@ChinaChilli,China Chilli,"Chinese Street Food - Gebakken noedels met gebakken rijst, gebakken vleeskuikensï¼Œ ei en groentetaart","4,8Â mln. weergaven",2 jaar geleden,"Je kijkt naar de hemel van oom Roger
Dingen die we doen: wok hei, MSG (ook bekend als: koning van smaak/zout op crack ...",48:51.9
/watch?v=UkNdqnAVDKE&pp=ygUMY2hpbmVzZSBmb29k,/@bonappetit,Bon AppÃ©tit,A Day With A Line Cook At Brooklyn's Hottest Chinese Restaurant | On The Line | Bon AppÃ©tit,"2,9Â mln. weergaven",1 jaar geleden,"Line Cook Tristan Kwong brings you into the precise and fast-paced world of a professional kitchen at Bonnie's, Brooklyn's hottestÂ ...",48:51.9
/shorts/vYA5J5ulH2Q,/@tommywinkler,Tommy Winkler,I can only eat Chinese food for the entire day! #shorts #challenge #food,"2,8Â mln. weergaven",2 jaar geleden,Social Media's: Instagram: https://www.instagram.com/tommywinkler/ TikTok: https://www.tiktok.com/@tommywinkler? Twitter:Â ...,48:51.9
/shorts/NYq9DxjgRhg,/@KarissaEats,KarissaEats,Spicy rice noodles and baozi! #shorts #chinesefood #beijing #foodie,"5,2Â mln. weergaven",1 jaar geleden,... oh and today I went grocery shopping I stopped by the hot food section for some thoughts and then I headed to McDonald's andÂ ...,48:51.9
/watch?v=ZmctVn-s6CE&pp=ygUMY2hpbmVzZSBmb29k,/@thefoodranger,The Food Ranger,"Most EXTREME Chinese Street Food Tour of Chengdu, China - 16 Hour SPICY Street Food Tour!",803K weergaven,5 maanden geleden,0:00 Introduction 0:34 Slapping Noodles (insane) 11:18 Insane spicy Sichuan street lunch 14:05 Super spicy Sichuan hot potÂ ...,48:51.9
/shorts/ppn5solWKEU,/@ShiShenOfficial,ShiShen Cooking,Can soil be eaten too? | Chinese Food Eating Show | Funny Mukbang ASMR,806K weergaven,8 maanden geleden,"""Our videos focus on showcasing the food-making process, with all ingredients sourced legally and ethically."" Hello all myÂ ...",48:51.9
/watch?v=1dYTg4OFrCo&pp=ygUMY2hpbmVzZSBmb29k,/@BabbleTop,BabbleTop,Top 10 Most Popular Chinese Foods in America!,54K weergaven,1 jaar geleden,Almost every town in America has its favorite Chinese restaurant - each of them putting their own spin on famous classics.,48:51.9
/watch?v=YKZLTo93ULY&pp=ygUMY2hpbmVzZSBmb29k,/@ErikTheElectric,ErikTheElectric,The World's BIGGEST Chinese Food Platter Challenge!,"3,7Â mln. weergaven",1 jaar geleden,"#ErikTheElectric #FoodChallenge #ChineseFood In this challenge, I attempted to eat a gigantic $200 Chinese food platter!",48:51.9
/watch?v=ILxLQtkUXRk&pp=ygUMY2hpbmVzZSBmb29k,/@FoodHunter,Food Hunter æ¢é£Ÿ,Chinese Restaurant Master Chef Cooking Yumptious Dishes - Restaurant Ah Thiam In Port Dickson,350K weergaven,1 jaar geleden,Chinese Restaurant Master Chef Cooking Yumptious Dishes - Restaurant Ah Thiam In Port Dickson Location: Restoran Ah ThiamÂ ...,48:51.9
/shorts/WXVbzPLSS4A,/@ChinesewithJessie,Chinese with Jessie,White people having spicy food be like,"3,2Â mln. weergaven",8 maanden geleden,shorts #comedy #skit #funny #asian.,48:59.8
/shorts/ni50Cpa0jBg,/@ShiShenOfficial,ShiShen Cooking,TASTY! THE MOST FUN POPSICLE IN CHILDHOOD! | CHINESE FOOD EATING SHOW | FUN MUKBANG ASMR,183Â mln. weergaven,1 jaar geleden,"""Our videos focus on showcasing the food-making process, with all ingredients sourced legally and ethically."" Hello all myÂ ...",48:59.8
/watch?v=JALx5DaXWKI&pp=ygUMY2hpbmVzZSBmb29k,/@horrorasiancuisine,Horror Asian Cuisine,The jungler catches and cooks delicious grilled centipedes,"5,1Â mln. weergaven",1 jaar geleden,The most horror dishes will be distributed here #horrorasiancuisine #horrorfood.,48:59.8
/shorts/YWdPjPOJ7mE,/@msshiandmrhe,Ms Shi and Mr He,15-minute Staple Chinese Food: Tomato Egg Stir Fry ğŸ…ğŸ³ ç•ªèŒ„ç‚’è›‹,"4,1Â mln. weergaven",1 jaar geleden,"This is a staple food that everyone Chinese family would eat at least once a week. Because it's so delicious, nutritious, and soÂ ...",48:59.9
/shorts/y5oAFumeDd4,/@BigandFastEaters,Big and Fast Eaters,Big Lobster Blind Box | TikTok Video|Eating Spicy Food and Funny Pranks| Funny Mukbang,12Â mln. weergaven,1 jaar geleden,"During the production of the video, we paid special attention to the sourcing of ingredients to ensure they did not involve any formÂ ...",48:59.9
/shorts/DlQ-0zCTgRw,/@ligier,Michael Ligier,What Chinese Fine Dining Looks Like,583K weergaven,11 maanden geleden,"A lot of the classics, but with modern or elevated twists. Chinese fine dining doesn't happen too much, but it is incredible when itÂ ...",48:59.9
/shorts/ZJA820DsR5k,/@Jalalsamfit,Jalalsamfit,High Protein Chicken Chow Mein Noodles Meal Prep! #chinesefood #fatloss #foodie #recipe #fitness,441K weergaven,9 maanden geleden,"High Protein Chicken Chow Mein Noodles Meal Prep!     One of the easiest and tastiest meals, so much better than takeout withÂ ...",48:59.9
/shorts/znp2lcNcyFI,/@foodiechina888,foodiechina888,"EASY CHOW MEIN RECIPE, AKA CHINESE FRIED NOODLES #recipe #cooking #chowmein #chinesefood #noodles","4,3Â mln. weergaven",1 jaar geleden,Trending xiaomi and recipe in China any type of noodles per boiling water from Mississippi River rings with cold water dark soyÂ ...,48:59.9
/shorts/ak9PcgbQFb0,/@richsit,richsit,Is THIS better than American-Chinese Food???,"1,1Â mln. weergaven",1 jaar geleden,shorts #food #american #chinese #cooking.,48:59.9
/shorts/tT7HA1xWa6g,/@tommywinkler,Tommy Winkler,Eating only Panda Express for the whole day! #shorts #chinese,800K weergaven,2 jaar geleden,Instagram: https://www.instagram.com/tommywinkler/ TikTok: https://www.tiktok.com/@tommywinkler? Twitter: @tommy_winkler_Â ...,48:59.9
/watch?v=3w6UuOARJxs&pp=ygUMY2hpbmVzZSBmb29k,/@MarkWiens,Mark Wiens,"Extreme Chinese Street Food - JACUZZI CHICKEN and Market Tour in Kunming! | Yunnan, China Day 4",26Â mln. weergaven,6 jaar geleden,"Kunming, Yunnan, China - Kunming is the capital and largest city in Yunnan province China. So I was excited to explore the localÂ ...",48:59.9
/watch?v=C7QJZhRil8U&pp=ygUMY2hpbmVzZSBmb29k,/@galaxyhealthclub,Galaxy Health Club,Girl eating 36 Eggs and big Cucumber ğŸ¤£ | foodygirl | Asian girl,"4,5Â mln. weergaven",1 jaar geleden,"heatlhandfitness #girleating #foodygirl Foodygirl eating 36 Eggs and cucumber, Asian girl We started this channel to motivate theÂ ...",48:59.9
/watch?v=lKZrDQHMkEI&pp=ygUMY2hpbmVzZSBmb29k,/@JoelHansen,Joel Hansen,I GOT KICKED OUT OF A CHINESE FOOD BUFFET (Cut off at an All You Can Eat) Joel Hansen,500K weergaven,5 dagen geleden,"Have you ever been cut off at an all you can eat, or kicked out a buffet? Does all you can eat mean all you can eat? PersonallyÂ ...",48:59.9
/shorts/ZrMPq2kP6KQ,/@EatersSquad,Eaters Squad,Pork Ribs Suofenä¸¨eating spicy food and funny pranksä¸¨funny mukbangä¸¨tiktok video,"1,1Â mln. weergaven",9 maanden geleden,"""Please rest assured that this video focuses on the process of making delicious food. All ingredients are ethically and legallyÂ ...",48:59.9
/shorts/Taj84rFRA9o,/@AzenFoodies,Azen Foodies,Asian Street Food (part 246) - Pork quail eggs #shorts,11Â mln. weergaven,9 maanden geleden,"I have shot some videos of famous street food in Asia. If you like these videos, please subscribe, thank you very much! Street foodÂ ...",48:59.9
/shorts/HVqvem55yGs,/@thebesteaterfriend,The Best Eater Friend,Baked Scallops | Challenge | Village Mukbang 2022 | Chinese Food Yummy Recipes,11Â mln. weergaven,1 jaar geleden,Please Be Assured That This Video Is An Original Skit That Has Been Carefully Planned And Produced Without Any NegativeÂ ...,48:59.9
/shorts/FikixhxNrX8,/@wokgod,dimsimlim,MONGOLIAN BEEF EXACTLY LIKE TAKEOUT #SHORTS #WOK #CHINESEFOOD,"2,4Â mln. weergaven",8 maanden geleden,"If you want to find me, I am probably on one of these platforms showcasing my â€œkungfuâ€ like Bruce Lee to the Western world!",48:59.9
/shorts/eKMdjuh-UVk,/@KarissaEats,KarissaEats,Everything I ate in Chinatown Singapore! #foodie #china #singapore #eating #chinesefood #shorts,"1,9Â mln. weergaven",8 maanden geleden,Everything I ate in Chinatown Singapore there's so much food here it's kind of overwhelming so we ended up just picking a placeÂ ...,49:10.4
/watch?v=LR_8XKozCcI&pp=ygUMY2hpbmVzZSBmb29k,/@MashedFood,Mashed,Why Chinese Food Always Tastes Better At A Restaurant,30K weergaven,11 maanden geleden,"The Chinese food that you get in Chinese restaurants may seem simple, but trying to make the same dishes at home often yieldsÂ ...",49:10.4
/shorts/BpB1k8sqalk,/@-asianstreetfood,Asian Street food,Asian street food é±¼,11Â mln. weergaven,11 maanden geleden,"Asian street food é±¼ I shot some popular street food videos in Asia. If you like these videos, please subscribe, thank you very muchÂ ...",49:10.4
/shorts/HbJJyYCkxac,/@KarissaEats,KarissaEats,Eating frozen East Asian food for a full day! #foodie #shorts #koreanfood #chinesefood #friedrice,"1,8Â mln. weergaven",1 jaar geleden,Only eating frozen East Asian food for a full day for breakfast I had these microwavable soup dumplings the first one was beef PhoÂ ...,49:10.4
/watch?v=Pg3fMxknq-s&pp=ygUMY2hpbmVzZSBmb29k,/@AmericasTestKitchen,America's Test Kitchen,Jeffrey's Top 5 Tips For Cooking Chinese Food,70K weergaven,1 jaar geleden,"Hunger Pangs is a series about cooking great Chinese food at home, starring ATK's Kevin Pang and his father Jeffrey.",49:10.5
/watch?v=1UM1oGnLsZE&pp=ygUMY2hpbmVzZSBmb29k,/@FoodfusionPk,Food Fusion,Restaurant Style Chicken Shashlik with Gravy Recipe by Food Fusion,"2,1Â mln. weergaven",1 jaar geleden,Go impress everyone with your restaurant-quality cooking skills. This restaurant-style chicken shashlik recipe is a quick andÂ ...,49:10.5
/shorts/CYs43bQMSdQ,/@CantoMando,CantoMando,Chinese Restaurants don't deserve tips,11Â mln. weergaven,1 jaar geleden,Do you tip at Chinese restaurants? @CantoMando always does!,49:10.5
/shorts/2FN3vYILS5M,/@motufoodiee,Motu Foodiee,Ultimate Chinese Platter ğŸ˜± || Fusion Platter ğŸ¤‘ #shorts #streetfood #foodvideo,"4,5Â mln. weergaven",8 maanden geleden,... #trendingfood #chowmein #noodle #manchurian #chinesefood #chineseplatter #chinese #momos #chowmeinchallenge #pizzaÂ ...,49:10.5
/shorts/185JSkEgEuY,/@-asianstreetfood,Asian Street food,Asian street food çŸ³å¤´é¥¼,140Â mln. weergaven,1 jaar geleden,"Asian street food çŸ³å¤´é¥¼ I shot some popular street food videos in Asia. If you like these videos, please subscribe, thank you veryÂ ...",49:10.5
/shorts/mZg7gmOUqpw,/@areyouhungry3512,ARE YOU HUNGRY,Eating Only Chinese Food For 24 Hours Challenge ğŸ˜±ğŸ˜± #shorts,704K weergaven,1 maand geleden,24hours #24hourschallenge #24hoursfoodchallenge #chinesefood #chinese #momos #momoslover #chinesefood24hoursÂ ...,49:10.5
/shorts/g-_QDKnbbpU,/@wokgod,dimsimlim,STEAM FISH WITH GINGER & SHALLOT SAUCE IN CANTONESE RESTAURANTS #shorts #chinesefood,579K weergaven,11 dagen geleden,"If you want to find me, I am probably on one of these platforms showcasing my â€œkungfuâ€ like Bruce Lee to the Western world!",49:10.5
/shorts/sEjIzULUTzE,/@foodiechina888,foodiechina888,HOW TO MAKE CHINESE SECRET DIPPING SAUCE? #recipe #sauce #chinesefood #cooking #spicyfood #shorts,"1,4Â mln. weergaven",1 jaar geleden,How to make Chinese secret dipping sauce minced garlic green onion red chili white Sesame chili flake boiling oil soy sauceÂ ...,49:10.5
/shorts/-jjKUEvrlzk,/@Jeanelleats,Jeanelleats,Best Orange Chicken I've EVER Had,"4,8Â mln. weergaven",1 jaar geleden,... CA 92860 #orangechicken #chinesefood #chowmein #spicyfood #foodandtravel #shorts #asianfood #noodles #teriyakichickenÂ ...,49:10.5
/shorts/Hzu2PjfNR9U,/@motufoodiee,Motu Foodiee,Chinese Platter ğŸ”¥ || Best Chinese food in DelhiğŸ«£ #shorts #streetfood #chinesefood #foodvideo,"3,2Â mln. weergaven",1 jaar geleden,foodunlimited #vegfood #dalchawal #corporate #foodvideo #streetfood #shahipaneer #foodrecipe #localfood #gharkakhanaÂ ...,49:10.5
/shorts/1lvLMv6kXgQ,/@foodforlaughs2015,Food for laughs,John Pinette's Hilarious Take on Chinese Food,219K weergaven,11 maanden geleden,"Laugh out loud with this classic stand-up routine by the late great John Pinette! In this hilarious clip, John shares his frustrationsÂ ...",49:10.5
/shorts/0KQ99nS7llQ,/@thebesteaterfriend,The Best Eater Friend,Cousin doesn't want to wash the dishes | Chinese food  | Funny Pranks  | Funny Mukbang |TikTok Video,763K weergaven,1 jaar geleden,Please Be Assured That This Video Is An Original Skit That Has Been Carefully Planned And Produced Without Any NegativeÂ ...,49:10.5
/shorts/bZs5XgCQu1E,/@EatersSquad,Eaters Squad,who got the pork bellyä¸¨eating spicy food and funny pranksä¸¨funny mukbangä¸¨tiktok,"1,6Â mln. weergaven",8 maanden geleden,#country food#Chinese special food#food making.,49:20.2
/watch?v=82EMIpuUK3Q&pp=ygUMY2hpbmVzZSBmb29k,/@JoshuaWeissman,Joshua Weissman,$3 Chinese Takeout Meal,"2,1Â mln. weergaven",1 jaar geleden,"For three dollars you could have orange chicken, chow mein, kung pao pork, and a side of rice. If you're at a restaurant, that mightÂ ...",49:20.2
/shorts/7KhmVGluq-I,/@thejathangu,Thejathangu Diaries,Chinese food try cheythapo ulla reactionğŸ˜¹ğŸœ | Donâ€™t miss papaâ€™s reactionğŸ˜¹ | thejathanguğŸ˜‰,"2,3Â mln. weergaven",8 maanden geleden,thejathangu #youtube #trending #ownvoice #reaction #foodvlog #chinesefood #Shorts #youtubeshorts #comedy #palakkadÂ ...,49:20.2
/shorts/VP68EfpgQqQ,/@foodiechina888,foodiechina888,Easy Sour & Spicy Noolde Soup Recipe #shorts #recipe #cooking #chinesefood #noodles #ramen,"2,6Â mln. weergaven",1 jaar geleden,Trending sour and spicy noodle soup recipe in china cook noodles in water from mississippi river blanche baby bok choy fourÂ ...,49:20.2
/watch?v=4u4yjZoXfmE&pp=ygUMY2hpbmVzZSBmb29k,/@MiaoXiaoYu,Miao XiaoYu,ã€ASMR MUKBANGã€‘BEEF RIVER CLAMSä¸¨CHINESE FOOD EATING SHOWä¸¨TIKTOK FUNNY VIDEOS,25K weergaven,10 dagen geleden,ã€ASMR MUKBANGã€‘BEEF RIVER CLAMSä¸¨CHINESE FOOD EATING SHOWä¸¨TIKTOK FUNNY VIDEOS â€Our videos focus onÂ ...,49:20.2
/shorts/UkDwb-1Wb6o,/@ShiShenOfficial,ShiShen Cooking,Spicy pearlï¼Crispy| Chinese Food Eating Show | Funny Mukbang ASMR,30Â mln. weergaven,1 jaar geleden,"""Our videos focus on showcasing the food-making process, with all ingredients sourced legally and ethically."" Hello all myÂ ...",49:20.2
/watch?v=6IM22gfz6uo&pp=ygUMY2hpbmVzZSBmb29k,/@smoshpit,Smosh Pit,Chinese Food Taste Test (Eat It Or Yeet It),761K weergaven,8 maanden geleden,Olivia shares her cultural food with us! SUBSCRIBE: https://smo.sh/Sub2SmoshPit WEAR OUR JOKES: https://smosh.com WHOÂ ...,49:20.2
/shorts/pgdIfd6iEhQ,/@ShiShenOfficial,ShiShen Cooking,delicious tonic| Chinese Food Eating Show | Funny Mukbang ASMR,18Â mln. weergaven,7 maanden geleden,"""Our videos focus on showcasing the food-making process, with all ingredients sourced legally and ethically."" Hello all myÂ ...",49:20.2
/shorts/UXrSxDAMSyI,/@wokgod,dimsimlim,CHICKEN CHOWMEIN (CANTONESE STYLE) #SHORTS #CHOWMEIN #CHINESEFOOD,"4,3Â mln. weergaven",2 jaar geleden,This recipe is a 26 year old recipe currently served at Lawson Chinese restaurant in Blue Mountains Australia. I believe in sharingÂ ...,49:20.2
/shorts/xRsrAS3tzTY,/@EatersSquad,Eaters Squad,Seafood Feastä¸¨eating spicy food and funny pranksä¸¨funny mukbangä¸¨tiktok video,"7,2Â mln. weergaven",11 maanden geleden,#country food#Chinese special food#food making.,49:20.3
/watch?v=dn7_5ssyz1E&pp=ygUMY2hpbmVzZSBmb29k,/@fatsongsongandthinermao,FatSongsong and ThinErmao,cooking | How to cook soft-shelled turtle? | mukbangs | chinese food | mukbang | songsong & ermao,56Â mln. weergaven,1 jaar geleden,"cooking | How to cook soft-shelled turtle? | mukbangs | chinese food | mukbang | songsong & ermao,The Chinese delicaciesÂ ...",49:20.3
/shorts/oWNGkKilSnQ,/@cookshowtrevor,Cookshow with Trevor,Chinese Food Pizza #shorts,35K weergaven,7 maanden geleden,Hey guys today we're gonna make a uh Chinese food pizza okay let's start with some dough stretch it out top it with some stir-fryÂ ...,49:20.3
/shorts/4gURD5v1lxY,/@ShiShenOfficial,ShiShen Cooking,Creazy!eat rawï¼aloe vera| Chinese Food Eating Show | Funny Mukbang ASMR,"5,1Â mln. weergaven",1 jaar geleden,"""Our videos focus on showcasing the food-making process, with all ingredients sourced legally and ethically."" Hello all myÂ ...",49:20.3
/shorts/R3YyuH85DDM,/@-asianstreetfood,Asian Street food,Asian street food é»„ç“œ,"5,2Â mln. weergaven",7 maanden geleden,"Asian street food é»„ç“œ I shot some popular street food videos in Asia. If you like these videos, please subscribe, thank you veryÂ ...",49:20.3
/shorts/3TrPWpk4a84,/@tommywinkler,Tommy Winkler,Italian Food VS Chinese Food! (Food Battle) #shorts #food #china #italy,2Â mln. weergaven,1 jaar geleden,Social Media's: Instagram: https://www.instagram.com/tommywinkler/ TikTok: https://www.tiktok.com/@tommywinkler? Twitter:Â ...,49:20.3
/shorts/HNtuNim-_08,/@ShiShenOfficial,ShiShen Cooking,Hot!Lots of peppers for ice cream| Chinese Food Eating Show | Funny Mukbang ASMR,"2,6Â mln. weergaven",1 jaar geleden,"""Our videos focus on showcasing the food-making process, with all ingredients sourced legally and ethically."" Hello all myÂ ...",49:20.3
/watch?v=oAtxlV2axUs&pp=ygUMY2hpbmVzZSBmb29k,/@dianxixiaoge,æ»‡è¥¿å°å“¥ Dianxi Xiaoge,Food Made from Colorful Peanuts - Mutton Hot Pot with Peanut Butterã€Dianxixiaogeã€‘,"3,8Â mln. weergaven",1 maand geleden,"Click ""cc"" on the lower right menu to choose your subtitle language. Because I love eating peanuts, my family grows and harvestsÂ ...",49:20.3
/watch?v=jm8WBhUwFCo&pp=ygUMY2hpbmVzZSBmb29k,/@ttnmedia4929,TTN Media,ASMR CHINESE FOOD MUKBANG EATING SHOW  | ë¨¹ë°© ASMR ì¤‘êµ­ë¨¹ë°© | XIAO YU MUKBANG #20,"2,5Â mln. weergaven",1 jaar geleden,ASMR CHINESE FOOD MUKBANG EATING SHOW | ë¨¹ë°© ASMR ì¤‘êµ­ë¨¹ë°© | XIAO YU MUKBANG #asmr #mukbangÂ ...,49:20.3
/shorts/OIJogRpEVps,/@wokgod,dimsimlim,CHINESE OMELETTE FOR BREAKFAST #SHORTS #CHINESEFOOD #COOKING,7Â mln. weergaven,10 maanden geleden,"Crispy Chinese Omelette (Egg Foo Young) is one of the â€œeasierâ€ Chinese dishes to eat. No matter if you are young or old, you canÂ ...",49:20.3
/watch?v=t26u_k7ze6w&pp=ygUMY2hpbmVzZSBmb29k,/@wildwestfashion7481,Wild West Fashion,Top 10  Popular Chinese Food,163K weergaven,8 jaar geleden,These are top 10 Chinese food popular both in western world and mainland China.Every tourist should eat these foods while inÂ ...,49:20.3